{
    "sales_2130": {
        "매출현황_20260629_2130.xlsx": {
            "size": 16129,
            "mtime": 1782736231.3079433
        },
        "매출현황_20260630_2130.xlsx": {
            "size": 15754,
            "mtime": 1782822632.5552409
        }
    },
    "sales_2355": {},
    "orders": {}
}